<?xml version="1.0" encoding="UTF-8"?>
<project-private xmlns="http://www.netbeans.org/ns/project-private/1">
    <editor-bookmarks xmlns="http://www.netbeans.org/ns/editor-bookmarks/2" lastBookmarkId="0"/>
    <open-files xmlns="http://www.netbeans.org/ns/projectui-open-files/2">
        <group>
            <file>file:/C:/Users/Renan/OneDrive/Documentos/NetBeansProjects/JavaApplication1/src/javaapplication1/Login.java</file>
            <file>file:/C:/Users/Renan/OneDrive/Documentos/NetBeansProjects/JavaApplication1/src/javaapplication1/PerfilTermo.java</file>
            <file>file:/C:/Users/Renan/OneDrive/Documentos/NetBeansProjects/JavaApplication1/src/javaapplication1/certidao.java</file>
            <file>file:/C:/Users/Renan/OneDrive/Documentos/NetBeansProjects/JavaApplication1/src/javaapplication1/CadastroCPF.java</file>
            <file>file:/C:/Users/Renan/OneDrive/Documentos/NetBeansProjects/JavaApplication1/src/javaapplication1/Candidato.java</file>
            <file>file:/C:/Users/Renan/OneDrive/Documentos/NetBeansProjects/JavaApplication1/src/javaapplication1/Entidade.java</file>
            <file>file:/C:/Users/Renan/OneDrive/Documentos/NetBeansProjects/JavaApplication1/src/javaapplication1/Perfil.java</file>
            <file>file:/C:/Users/Renan/OneDrive/Documentos/NetBeansProjects/JavaApplication1/src/javaapplication1/PessoaFisica.java</file>
            <file>file:/C:/Users/Renan/OneDrive/Documentos/NetBeansProjects/JavaApplication1/src/javaapplication1/Interesse.java</file>
            <file>file:/C:/Users/Renan/OneDrive/Documentos/NetBeansProjects/JavaApplication1/src/javaapplication1/CadastroCNPJ.java</file>
            <file>file:/C:/Users/Renan/OneDrive/Documentos/NetBeansProjects/JavaApplication1/src/javaapplication1/PessoaJuridica.java</file>
            <file>file:/C:/Users/Renan/OneDrive/Documentos/NetBeansProjects/JavaApplication1/src/javaapplication1/Afiliacao.java</file>
        </group>
    </open-files>
</project-private>
